{"train_loss": [0.0004926459335822518, 0.000142677556340373, 0.00012012928763854222, 0.00010651485601864177, 9.80533488934691e-05, 9.098681339988861e-05, 8.698738524731537e-05, 8.068512385504089e-05, 7.821473499873479e-05, 7.484104303895848e-05, 7.356451453903282e-05, 6.910880888223e-05, 6.785695059531929e-05, 6.652065749900674e-05, 6.416739139891813e-05, 6.311291616798574e-05, 6.089442993660628e-05, 6.120600471072451e-05, 6.041727966109661e-05, 5.768377942417398e-05, 5.704746814349639e-05, 5.690489010454592e-05, 5.591021962396526e-05, 5.530188183766582e-05, 5.3751557845262416e-05, 5.4042609760802575e-05, 5.347658148115334e-05, 5.190564724130557e-05, 5.230884453475713e-05, 5.20894416541383e-05, 5.0805307412009645e-05, 4.030242918535389e-05, 4.0310630837535176e-05, 3.864587451632238e-05, 3.8632365029758575e-05, 3.850855221693863e-05, 3.825974100590569e-05, 3.8041171700936486e-05, 3.6871304694872e-05, 3.749420004250671e-05, 3.644906609885191e-05, 3.667810694075266e-05, 3.586475730736849e-05, 3.570974276162227e-05, 3.5837477394102395e-05, 3.5609485806601324e-05, 3.542847825928903e-05, 3.518253233959517e-05, 3.475545043768386e-05, 3.0256377618317305e-05], "val_loss": [0.00013769178135735795, 0.00011239666914768415, 0.0001397008626296025, 8.455796286133307e-05, 0.00010653506085926191, 8.49691692831288e-05, 8.999774110477335e-05, 8.131755553645634e-05, 7.122249656033138e-05, 8.465288479132083e-05, 6.231384860463067e-05, 6.71788265896967e-05, 6.594948692838482e-05, 6.84238018325846e-05, 6.652833854442159e-05, 8.77384756318395e-05, 6.290060150322098e-05, 6.12789376724749e-05, 5.9282963923811504e-05, 5.737388448171407e-05, 6.36244085256755e-05, 7.529061861753276e-05, 8.780020188864485e-05, 7.259876050807859e-05, 6.028205753503786e-05, 6.949060077231142e-05, 7.807186195590867e-05, 7.017336068456653e-05, 6.132370427998647e-05, 7.035585054702058e-05, 6.417702443268594e-05, 5.692180308073845e-05, 5.659710794535835e-05, 5.489174101809281e-05, 6.146454748618455e-05, 6.134336470724468e-05, 5.6257561895104054e-05, 5.481777441196949e-05, 5.9769771592845616e-05, 5.630148516191364e-05, 6.0836364915843296e-05, 6.092914806197355e-05, 5.9206863742989975e-05, 5.943499111560895e-05, 5.8429461282224494e-05, 7.235943630371161e-05, 6.831307565839756e-05, 7.261796778413526e-05, 6.578330161658555e-05, 6.193879877387223e-05], "best_val_loss": 5.481777441196949e-05, "best_epoch": 37}