{"train_loss": [0.01236786238048054, 0.0009174666430403903, 0.0006663660541203697, 0.0005521806728196738, 0.0004860085748759051, 0.0004394664260491184, 0.0004100077853528124, 0.00039064555185684886, 0.00037147718105906135, 0.00035637997016201695, 0.00034285749830430804, 0.00033144277902653966, 0.0003249099819399871, 0.0003199973533560387, 0.0003090334098614623, 0.00030513006900634873, 0.00029713868221675744, 0.0002978727355681091, 0.00029087326475634194, 0.00028825434850681547, 0.0002844497845702667, 0.00028031181568893593, 0.0002775875954143541, 0.0002763571681795559, 0.0002468289922977289, 0.0002466506568844378, 0.00024715756717704065, 0.0002444412243060205, 0.0002419780956141228, 0.00024236819636786253, 0.00024042408804451993, 0.0002383000280633315, 0.00023902584463932755, 0.00023753481576953986, 0.00023448785412553383, 0.00023519059402723908, 0.00023393961725607181, 0.00023242157023371717, 0.00023190558542511601, 0.00023161575618505013, 0.0002294949008519252, 0.000229945236274813, 0.00022838281786126497, 0.0002286595683229341, 0.00022661086735882623, 0.00022810246630424117, 0.00022613534806569294, 0.000212468504655028, 0.00021335333999686047, 0.00021232934079988813, 0.0002117032367896607, 0.0002123377520623458, 0.00021066815246653626, 0.00021096597041818371, 0.0002104445289566151, 0.00021059345466478607, 0.00020974307791035983, 0.00020973387387289492, 0.00020896894069614267, 0.00020847453675285586, 0.00020835228131552838, 0.00020704168207022843, 0.00020690979646636865, 0.0002065616553195414, 0.00020711780178722815, 0.00020554231636073876, 0.00020538318298407598, 0.0002053634276413084, 0.00019806254969836911, 0.0001976736761319904, 0.0001976043516466792, 0.00019746398789807806, 0.00019741914667134277, 0.00019693248904480558, 0.00019688846537952573, 0.000196396492816326, 0.0001966304960051891, 0.00019626323982704046, 0.00019606148922625527, 0.00019553174815629167, 0.00019581676154581848, 0.00019548950803910988, 0.00019551976734997386, 0.00019527655678641632, 0.00019503649823436934, 0.000195532851232049, 0.00019107354915085382, 0.0001911235883173605, 0.00019079735347189404, 0.00019103306595459155, 0.00019124845585608284, 0.00019044963899584517, 0.00019065233323180657, 0.00019048416424631426, 0.00019074082365840155, 0.0001905744738516399, 0.00019000355950630904, 0.00018822416222430904, 0.00018813870563379501, 0.00018803102976522654], "val_loss": [0.0010988751848236631, 0.00064492658274692, 0.0005229171574525692, 0.0005056706171787914, 0.0004747868284018981, 0.0005027882833431222, 0.00042534026492574813, 0.0004510161584722248, 0.000650928192620689, 0.0004141371695805172, 0.0003804200498048584, 0.00038950857118145516, 0.000347285947373771, 0.000355121704504285, 0.0003883792286078145, 0.0004050855756887439, 0.0003753753374373428, 0.00039882891121691285, 0.0003860913286689088, 0.00043216940781351217, 0.00035164767959625776, 0.0004603213243151661, 0.0003658808567732617, 0.00039665585572435595, 0.0003287798423516765, 0.0003439284715396428, 0.0003725571845975402, 0.00032895937516375643, 0.0003764391021682982, 0.0003394093560654489, 0.00031956983558738066, 0.0003438297624295118, 0.0003467739130318217, 0.0003400833801314399, 0.00033847158476789607, 0.0003163433176392136, 0.00032543953057001144, 0.00035040066637523045, 0.000327266725612322, 0.0003306372135829978, 0.00032589419523440657, 0.00031666469549768205, 0.00033328861468334307, 0.00034191918327996075, 0.00031931765527960717, 0.00033882807191435625, 0.00037927817452733094, 0.0003270804835722174, 0.000326859321237092, 0.0003252042613504421, 0.0003209738449466539, 0.0003247954658699305, 0.00033674500288566827, 0.0003165995834374281, 0.0003285910131968382, 0.0003340290879995199, 0.00030671942942454746, 0.00034533061379465386, 0.0003244442933808753, 0.0003234424892015665, 0.00033571497793433435, 0.0003106598347034826, 0.00033779986550555775, 0.0003227125025001433, 0.0003117840376776798, 0.0003243002996975046, 0.0003186721193195367, 0.00032371327423876694, 0.0003127710155720848, 0.000322010911604805, 0.00032927643333309926, 0.0003118853092604299, 0.0003108646436564173, 0.00030732554783387197, 0.00030311430131042913, 0.0003227512882128266, 0.0003110643491414287, 0.00030965817892939586, 0.00031515733351373246, 0.00031385774109279815, 0.00031971096321776354, 0.0003077062165335848, 0.0003150550313507935, 0.00031208290623467154, 0.0003075670995900005, 0.0003133287853315643, 0.00031041703027036006, 0.00031089599359867664, 0.00031247216973487286, 0.00031309494345516716, 0.00031843405178653603, 0.0003148864524747512, 0.0003111816368341396, 0.0003105049226570093, 0.0003287959167620205, 0.0003145994900576046, 0.00031843352782472476, 0.0003154288126768954, 0.0003124456096747766, 0.00031344652096912916], "best_val_loss": 0.00030311430131042913, "best_epoch": 74}